Station,Mon-YYYY(local),Stat Code,Stat Value ,Rel,Day of Extr,Orig
Reefton Ews,Jan-95,0,150.8,-,-,D
Reefton Ews,Feb-95,0,171.2,-,-,D
Reefton Ews,Feb-95,2,17.6,*,-,D
Reefton Ews,Mar-95,0,199.2,-,-,D
Reefton Ews,Apr-95,0,203.9,*,-,D
Reefton Ews,May-95,0,240.6,*,-,D
Reefton Ews,Jun-95,0,192.4,*,-,D
Reefton Ews,Jul-95,0,299,-,-,D
Reefton Ews,Jul-95,2,3.9,*,-,D
Reefton Ews,Aug-95,0,192.9,-,-,D
Reefton Ews,Aug-95,2,6.5,*,-,D
Reefton Ews,Sep-95,0,324.6,-,-,D
Reefton Ews,Oct-95,0,208,-,-,D
Reefton Ews,Oct-95,2,11.1,*,-,D
Reefton Ews,Nov-95,0,154.8,-,-,D
Reefton Ews,Nov-95,2,13,*,-,D
Reefton Ews,Dec-95,0,313.1,-,-,D
Reefton Ews,Dec-95,2,16.2,*,-,D
Reefton Ews,Jan-96,0,118.7,-,-,D
Reefton Ews,Jan-96,2,18.5,*,-,D
Reefton Ews,Feb-96,0,187.9,-,-,D
Reefton Ews,Feb-96,2,17,*,-,D
Reefton Ews,Mar-96,0,179.7,-,-,D
Reefton Ews,Mar-96,2,13.8,*,-,D
Reefton Ews,Apr-96,0,174.4,-,-,D
Reefton Ews,May-96,0,164,*,-,D
Reefton Ews,May-96,2,8,*,-,D
Reefton Ews,Jun-96,0,150.4,-,-,D
Reefton Ews,Jun-96,2,4.6,*,-,D
Reefton Ews,Jul-96,0,78.4,-,-,D
Reefton Ews,Jul-96,2,4.9,*,-,D
Reefton Ews,Aug-96,0,253.9,*,-,D
Reefton Ews,Aug-96,2,5.5,*,-,D
Reefton Ews,Sep-96,0,204.4,*,-,D
Reefton Ews,Sep-96,2,10.3,*,-,D
Reefton Ews,Oct-96,0,279.5,-,-,D
Reefton Ews,Oct-96,2,11.4,*,-,D
Reefton Ews,Nov-96,0,262.8,-,-,D
Reefton Ews,Nov-96,2,11.3,*,-,D
Reefton Ews,Dec-96,0,124.2,-,-,D
Reefton Ews,Dec-96,2,14.8,*,-,D
Reefton Ews,Jan-97,0,122.5,-,-,D
Reefton Ews,Jan-97,2,15.8,*,-,D
Reefton Ews,Feb-97,0,207.3,-,-,D
Reefton Ews,Feb-97,2,17.6,*,-,D
Reefton Ews,Mar-97,0,97.8,-,-,D
Reefton Ews,Mar-97,2,13.9,*,-,D
Reefton Ews,Apr-97,0,127.9,-,-,D
Reefton Ews,Apr-97,2,10.3,*,-,D
Reefton Ews,May-97,0,173.3,-,-,D
Reefton Ews,May-97,2,9.1,*,-,D
Reefton Ews,Jun-97,0,178,-,-,D
Reefton Ews,Jun-97,2,4.7,*,-,D
Reefton Ews,Jul-97,0,143,-,-,D
Reefton Ews,Jul-97,2,4.3,*,-,D
Reefton Ews,Aug-97,0,152.8,-,-,D
Reefton Ews,Aug-97,2,5.8,*,-,D
Reefton Ews,Sep-97,0,41.9,-,-,D
Reefton Ews,Sep-97,2,9,*,-,D
Reefton Ews,Oct-97,0,98.1,-,-,D
Reefton Ews,Oct-97,2,11,*,-,D
Reefton Ews,Nov-97,0,282.3,-,-,D
Reefton Ews,Dec-97,0,261.8,-,-,D
Reefton Ews,Mar-98,0,228,-,-,D
Reefton Ews,Mar-98,2,15.1,*,-,D
Reefton Ews,Apr-98,0,140.8,-,-,D
Reefton Ews,Apr-98,2,11.6,-,-,D
Reefton Ews,May-98,0,111,-,-,D
Reefton Ews,May-98,2,9.3,-,-,D
Reefton Ews,Jun-98,0,178.4,-,-,D
Reefton Ews,Jun-98,2,7.2,*,-,D
Reefton Ews,Jul-98,0,241,-,-,D
Reefton Ews,Jul-98,2,7.4,*,-,D
Reefton Ews,Aug-98,0,161.4,-,-,D
Reefton Ews,Aug-98,2,6.5,-,-,D
Reefton Ews,Sep-98,0,208.6,-,-,D
Reefton Ews,Sep-98,2,10.3,-,-,D
Reefton Ews,Oct-98,0,479.2,-,-,D
Reefton Ews,Oct-98,2,11.3,*,-,D
Reefton Ews,Nov-98,2,14.8,*,-,D
Reefton Ews,Feb-99,0,81,-,-,D
Reefton Ews,Feb-99,2,18.6,-,-,D
Reefton Ews,Mar-99,0,70.6,-,-,D
Reefton Ews,Mar-99,2,16.5,-,-,D
Reefton Ews,May-99,0,125.8,-,-,D
Reefton Ews,May-99,2,9.7,-,-,D
Reefton Ews,Jun-99,0,150.4,-,-,D
Reefton Ews,Jun-99,2,6.4,-,-,D
Reefton Ews,Jul-99,0,155.4,-,-,D
Reefton Ews,Jul-99,2,5.7,-,-,D
Reefton Ews,Aug-99,0,181.8,-,-,D
Reefton Ews,Aug-99,2,7.3,-,-,D
Reefton Ews,Sep-99,0,132.8,-,-,D
Reefton Ews,Sep-99,2,10.3,*,-,D
Reefton Ews,Oct-99,0,242.4,-,-,D
Reefton Ews,Oct-99,2,13.1,-,-,D
Reefton Ews,Nov-99,0,190.4,-,-,D
Reefton Ews,Nov-99,2,14.2,-,-,D
Reefton Ews,Dec-99,0,47,-,-,D
Reefton Ews,Dec-99,2,15.1,-,-,D
Reefton Ews,Jan-00,0,223.2,-,-,D
Reefton Ews,Jan-00,2,17.4,-,-,D
Reefton Ews,Feb-00,0,72.8,-,-,D
Reefton Ews,Feb-00,2,16.7,-,-,D
Reefton Ews,Mar-00,0,32.8,-,-,D
Reefton Ews,Mar-00,2,14.8,*,-,D
Reefton Ews,Apr-00,0,249,-,-,D
Reefton Ews,Apr-00,2,12,-,-,D
Reefton Ews,May-00,0,195.4,-,-,D
Reefton Ews,May-00,2,9.4,-,-,D
Reefton Ews,Jun-00,0,137.2,*,-,R
Reefton Ews,Jun-00,2,5.9,*,-,D
Reefton Ews,Jul-00,0,145.6,-,-,D
Reefton Ews,Jul-00,2,6.2,-,-,D
Reefton Ews,Aug-00,0,118.8,-,-,D
Reefton Ews,Aug-00,2,7.5,-,-,D
Reefton Ews,Sep-00,0,174.6,-,-,D
Reefton Ews,Sep-00,2,9.5,-,-,D
Reefton Ews,Oct-00,0,266.6,-,-,D
Reefton Ews,Oct-00,2,11.6,*,-,D
Reefton Ews,Nov-00,0,74.4,-,-,D
Reefton Ews,Nov-00,2,12.5,-,-,D
Reefton Ews,Dec-00,0,181.6,-,-,D
Reefton Ews,Dec-00,2,16.1,-,-,D
Reefton Ews,Jan-01,0,78.2,-,-,D
Reefton Ews,Jan-01,2,15.7,-,-,D
Reefton Ews,Feb-01,0,16.8,-,-,D
Reefton Ews,Feb-01,2,17.4,-,-,D
Reefton Ews,Mar-01,0,71.2,-,-,D
Reefton Ews,Mar-01,2,15.7,-,-,D
Reefton Ews,Apr-01,0,57.5,-,-,D
Reefton Ews,Apr-01,2,11.8,-,-,D
Reefton Ews,May-01,0,184,-,-,-
Reefton Ews,May-01,2,8.6,-,-,D
Reefton Ews,Jun-01,0,166.4,*,-,R
Reefton Ews,Jun-01,2,5.3,*,-,D
Reefton Ews,Jul-01,0,15.4,-,-,D
Reefton Ews,Jul-01,2,3,-,-,D
Reefton Ews,Aug-01,0,194.6,-,-,D
Reefton Ews,Aug-01,2,7.8,-,-,D
Reefton Ews,Sep-01,0,59,-,-,D
Reefton Ews,Sep-01,2,10.7,-,-,D
Reefton Ews,Oct-01,0,201.8,-,-,D
Reefton Ews,Oct-01,2,13.4,-,-,D
Reefton Ews,Nov-01,0,224.8,-,-,D
Reefton Ews,Nov-01,2,13.4,-,-,D
Reefton Ews,Dec-01,0,335.2,-,-,D
Reefton Ews,Dec-01,2,16.2,-,-,D
Reefton Ews,Jan-02,0,171.8,-,-,D
Reefton Ews,Jan-02,2,17.3,-,-,D
Reefton Ews,Feb-02,0,57.6,-,-,D
Reefton Ews,Feb-02,2,16.7,-,-,D
Reefton Ews,Mar-02,0,145,-,-,D
Reefton Ews,Mar-02,2,15,*,-,D
Reefton Ews,Apr-02,0,76.4,-,-,D
Reefton Ews,Apr-02,2,12.2,-,-,D
Reefton Ews,May-02,0,194.6,-,-,D
Reefton Ews,May-02,2,8.8,-,-,D
Reefton Ews,Jun-02,0,371.2,-,-,D
Reefton Ews,Jun-02,2,8.2,-,-,D
Reefton Ews,Jul-02,0,40.6,-,-,D
Reefton Ews,Jul-02,2,5.4,-,-,D
Reefton Ews,Aug-02,0,126.4,-,-,D
Reefton Ews,Aug-02,2,7.1,-,-,D
Reefton Ews,Sep-02,0,230.4,-,-,D
Reefton Ews,Sep-02,2,9.2,-,-,D
Reefton Ews,Oct-02,0,157.4,-,-,D
Reefton Ews,Oct-02,2,9.6,-,-,D
Reefton Ews,Nov-02,0,133.6,-,-,D
Reefton Ews,Nov-02,2,12.6,-,-,D
Reefton Ews,Dec-02,0,149,-,-,D
Reefton Ews,Dec-02,2,14.9,-,-,D
Reefton Ews,Jan-03,0,112,-,-,D
Reefton Ews,Jan-03,2,15.9,*,-,D
Reefton Ews,Feb-03,0,86.8,-,-,D
Reefton Ews,Feb-03,2,15.4,-,-,D
Reefton Ews,Mar-03,0,70.2,-,-,D
Reefton Ews,Mar-03,2,16.3,-,-,D
Reefton Ews,Apr-03,0,23.4,-,-,D
Reefton Ews,Apr-03,2,11.2,-,-,D
Reefton Ews,May-03,0,212.8,-,-,D
Reefton Ews,May-03,2,9.2,-,-,D
Reefton Ews,Jun-03,0,356.8,-,-,D
Reefton Ews,Jun-03,2,7.4,-,-,D
Reefton Ews,Jul-03,0,55.4,-,-,D
Reefton Ews,Jul-03,2,4.4,-,-,D
Reefton Ews,Aug-03,0,127,-,-,D
Reefton Ews,Aug-03,2,6.9,-,-,D
Reefton Ews,Sep-03,0,260,-,-,D
Reefton Ews,Sep-03,2,8.6,*,-,D
Reefton Ews,Oct-03,0,145.6,-,-,D
Reefton Ews,Oct-03,2,11.1,-,-,D
Reefton Ews,Nov-03,0,171.6,-,-,D
Reefton Ews,Nov-03,2,12.2,-,-,D
Reefton Ews,Dec-03,0,104,-,-,D
Reefton Ews,Dec-03,2,15.5,-,-,D
Reefton Ews,Jan-04,0,178.8,-,-,D
Reefton Ews,Jan-04,2,18,-,-,D
Reefton Ews,Feb-04,0,259.8,-,-,D
Reefton Ews,Feb-04,2,14.5,-,-,D
Reefton Ews,Mar-04,0,76.8,-,-,D
Reefton Ews,Mar-04,2,13.4,-,-,D
Reefton Ews,Apr-04,0,61,-,-,D
Reefton Ews,Apr-04,2,11.3,-,-,D
Reefton Ews,May-04,0,190.2,-,-,D
Reefton Ews,May-04,2,9.1,-,-,D
Reefton Ews,Jun-04,0,322,-,-,D
Reefton Ews,Jun-04,2,7.2,-,-,D
Reefton Ews,Jul-04,0,123.8,-,-,D
Reefton Ews,Jul-04,2,3.8,-,-,D
Reefton Ews,Aug-04,0,228,-,-,D
Reefton Ews,Aug-04,2,5.4,-,-,D
Reefton Ews,Sep-04,0,220.4,-,-,D
Reefton Ews,Sep-04,2,8.1,-,-,D
Reefton Ews,Oct-04,0,133,-,-,D
Reefton Ews,Oct-04,2,10.9,-,-,D
Reefton Ews,Nov-04,0,97.2,-,-,D
Reefton Ews,Nov-04,2,13.4,-,-,D
Reefton Ews,Dec-04,0,257.2,-,-,D
Reefton Ews,Dec-04,2,12.1,-,-,D
Reefton Ews,Jan-05,0,65.6,-,-,D
Reefton Ews,Jan-05,2,16.4,-,-,D
Reefton Ews,Feb-05,0,155.6,-,-,D
Reefton Ews,Feb-05,2,17.9,-,-,D
Reefton Ews,Mar-05,0,144,-,-,D
Reefton Ews,Mar-05,2,14.8,-,-,D
Reefton Ews,Apr-05,0,68.8,-,-,D
Reefton Ews,Apr-05,2,10.8,-,-,D
Reefton Ews,May-05,0,90.6,-,-,D
Reefton Ews,May-05,2,9.2,-,-,D
Reefton Ews,Jun-05,0,143.6,-,-,D
Reefton Ews,Jun-05,2,5.5,-,-,D
Reefton Ews,Jul-05,0,152.6,-,-,D
Reefton Ews,Jul-05,2,7,-,-,D
Reefton Ews,Aug-05,0,104,-,-,D
Reefton Ews,Aug-05,2,8.7,-,-,D
Reefton Ews,Sep-05,0,75.8,-,-,D
Reefton Ews,Sep-05,2,10.7,-,-,D
Reefton Ews,Oct-05,0,105.2,-,-,D
Reefton Ews,Oct-05,2,11.9,-,-,D
Reefton Ews,Nov-05,0,55.2,-,-,D
Reefton Ews,Nov-05,2,14.7,-,-,D
Reefton Ews,Dec-05,0,136.8,-,-,D
Reefton Ews,Dec-05,2,18.2,-,-,D
Reefton Ews,Jan-06,0,134.6,-,-,D
Reefton Ews,Jan-06,2,16.8,-,-,D
Reefton Ews,Feb-06,0,67,-,-,D
Reefton Ews,Feb-06,2,17.5,-,-,D
Reefton Ews,Mar-06,0,65.6,-,-,D
Reefton Ews,Mar-06,2,14.9,-,-,D
Reefton Ews,Apr-06,0,373.2,-,-,D
Reefton Ews,Apr-06,2,13.4,*,-,D
Reefton Ews,May-06,0,75.4,-,-,D
Reefton Ews,May-06,2,9.1,-,-,D
Reefton Ews,Jun-06,0,256.6,-,-,D
Reefton Ews,Jun-06,2,4.4,-,-,D
Reefton Ews,Jul-06,0,134.4,-,-,D
Reefton Ews,Jul-06,2,5.4,-,-,D
Reefton Ews,Aug-06,0,93.4,-,-,D
Reefton Ews,Aug-06,2,6.8,-,-,D
Reefton Ews,Sep-06,0,129.4,-,-,D
Reefton Ews,Sep-06,2,10.8,-,-,D
Reefton Ews,Oct-06,0,164.8,-,-,D
Reefton Ews,Oct-06,2,11.1,-,-,D
Reefton Ews,Nov-06,0,351,-,-,D
Reefton Ews,Nov-06,2,12.3,-,-,D
Reefton Ews,Dec-06,0,102.6,-,-,D
Reefton Ews,Dec-06,2,13.4,-,-,D
Reefton Ews,Jan-07,0,115.6,-,-,D
Reefton Ews,Jan-07,2,17.1,-,-,D
Reefton Ews,Feb-07,0,54,-,-,D
Reefton Ews,Feb-07,2,18,-,-,D
Reefton Ews,Mar-07,0,115.6,-,-,D
Reefton Ews,Mar-07,2,15.7,-,-,D
Reefton Ews,Apr-07,0,87.2,-,-,D
Reefton Ews,Apr-07,2,11.9,*,-,D
Reefton Ews,May-07,0,133.6,*,-,D
Reefton Ews,May-07,2,10.8,-,-,D
Reefton Ews,Jun-07,0,285.8,-,-,D
Reefton Ews,Jun-07,2,4.3,-,-,D
Reefton Ews,Jun-07,9,46.3,-,-,D
Reefton Ews,Jul-07,0,104.2,-,-,D
Reefton Ews,Jul-07,2,5,-,-,D
Reefton Ews,Jul-07,9,118,-,-,D
Reefton Ews,Aug-07,0,156.2,-,-,D
Reefton Ews,Aug-07,2,7.7,-,-,D
Reefton Ews,Aug-07,9,98.1,-,-,D
Reefton Ews,Sep-07,0,146.2,-,-,D
Reefton Ews,Sep-07,2,10.1,*,-,D
Reefton Ews,Sep-07,9,160.4,-,-,D
Reefton Ews,Oct-07,0,379.6,-,-,D
Reefton Ews,Oct-07,2,9.9,-,-,D
Reefton Ews,Oct-07,9,113,-,-,D
Reefton Ews,Nov-07,0,25.4,-,-,D
Reefton Ews,Nov-07,2,13,-,-,D
Reefton Ews,Nov-07,9,229.6,-,-,D
Reefton Ews,Dec-07,0,83.6,-,-,D
Reefton Ews,Dec-07,2,16.7,-,-,D
Reefton Ews,Dec-07,9,158,-,-,D
Reefton Ews,Jan-08,0,98.2,-,-,D
Reefton Ews,Jan-08,2,18.5,-,-,D
Reefton Ews,Jan-08,9,261.2,-,-,D
Reefton Ews,Feb-08,0,118.2,-,-,D
Reefton Ews,Feb-08,2,17.3,-,-,D
Reefton Ews,Feb-08,9,168.7,-,-,D
Reefton Ews,Mar-08,0,115.6,-,-,D
Reefton Ews,Mar-08,2,15.8,-,-,D
Reefton Ews,Mar-08,9,167.1,-,-,D
Reefton Ews,Apr-08,0,134.6,-,-,D
Reefton Ews,Apr-08,2,12.1,-,-,D
Reefton Ews,Apr-08,9,141.6,-,-,D
Reefton Ews,May-08,0,25.8,-,-,D
Reefton Ews,May-08,2,6.7,-,-,D
Reefton Ews,Jun-08,0,188.8,-,-,D
Reefton Ews,Jun-08,2,6.3,-,-,D
Reefton Ews,Jul-08,0,257,-,-,D
Reefton Ews,Jul-08,2,5.4,-,-,D
Reefton Ews,Jul-08,9,76.7,-,-,D
Reefton Ews,Aug-08,0,200.4,-,-,D
Reefton Ews,Aug-08,2,6.6,-,-,D
Reefton Ews,Aug-08,9,76.1,-,-,D
Reefton Ews,Sep-08,0,173.2,-,-,D
Reefton Ews,Sep-08,2,9.5,-,-,D
Reefton Ews,Sep-08,9,124,-,-,D
Reefton Ews,Oct-08,0,141.6,-,-,D
Reefton Ews,Oct-08,2,10.2,-,-,D
Reefton Ews,Oct-08,9,123.1,-,-,D
Reefton Ews,Nov-08,0,268.2,-,-,D
Reefton Ews,Nov-08,2,12.9,-,-,D
Reefton Ews,Nov-08,9,181.1,-,-,D
Reefton Ews,Dec-08,0,180.4,-,-,D
Reefton Ews,Dec-08,2,15.9,-,-,D
Reefton Ews,Dec-08,9,189.3,-,-,D
Reefton Ews,Jan-09,0,74,-,-,D
Reefton Ews,Jan-09,2,17.2,-,-,D
Reefton Ews,Jan-09,9,246.2,-,-,D
Reefton Ews,Feb-09,0,92.8,-,-,D
Reefton Ews,Feb-09,2,16.9,-,-,D
Reefton Ews,Feb-09,9,169.3,-,-,D
Reefton Ews,Mar-09,0,80.4,-,-,D
Reefton Ews,Mar-09,2,14.4,-,-,D
Reefton Ews,Mar-09,9,181.8,-,-,D
Reefton Ews,Apr-09,0,231.2,-,-,D
Reefton Ews,Apr-09,2,12.5,*,-,D
Reefton Ews,Apr-09,9,126,-,-,D
Reefton Ews,May-09,0,167.8,-,-,D
Reefton Ews,May-09,2,6.8,-,-,D
Reefton Ews,May-09,9,130.8,-,-,D
Reefton Ews,Jun-09,0,95.4,-,-,D
Reefton Ews,Jun-09,2,4,-,-,D
Reefton Ews,Jun-09,9,63.6,-,-,D
Reefton Ews,Jul-09,0,209.5,*,-,D
Reefton Ews,Jul-09,2,4.9,*,-,D
Reefton Ews,Jul-09,9,80.9,*,-,D
Reefton Ews,Aug-09,0,191.2,-,-,D
Reefton Ews,Aug-09,2,9,-,-,D
Reefton Ews,Aug-09,9,90.6,-,-,D
Reefton Ews,Sep-09,0,87.4,-,-,D
Reefton Ews,Sep-09,2,9.5,-,-,D
Reefton Ews,Sep-09,9,181.7,-,-,D
Reefton Ews,Oct-09,0,136.8,-,-,D
Reefton Ews,Oct-09,2,9.8,-,-,D
Reefton Ews,Oct-09,9,214.5,-,-,D
Reefton Ews,Nov-09,0,68.8,-,-,D
Reefton Ews,Nov-09,2,13.3,-,-,D
Reefton Ews,Nov-09,9,154.8,-,-,D
Reefton Ews,Dec-09,0,225.8,-,-,D
Reefton Ews,Dec-09,2,15.5,-,-,D
Reefton Ews,Dec-09,9,172.9,-,-,D
Reefton Ews,Jan-10,0,160.8,-,-,D
Reefton Ews,Jan-10,2,17.6,-,-,D
Reefton Ews,Jan-10,9,186.1,-,-,D
Reefton Ews,Feb-10,0,81,-,-,D
Reefton Ews,Feb-10,2,18.7,-,-,D
Reefton Ews,Feb-10,9,202.9,-,-,D
Reefton Ews,Mar-10,0,105.2,-,-,D
Reefton Ews,Mar-10,2,15.2,-,-,D
Reefton Ews,Mar-10,9,167.6,-,-,D
Reefton Ews,Apr-10,0,117.2,-,-,D
Reefton Ews,Apr-10,2,13.2,*,-,D
Reefton Ews,Apr-10,9,101.7,-,-,D
Reefton Ews,May-10,0,62.2,-,-,D
Reefton Ews,May-10,2,9.5,-,-,D
Reefton Ews,May-10,9,93.6,-,-,D
Reefton Ews,Jun-10,0,195.4,-,-,D
Reefton Ews,Jun-10,2,6.5,-,-,D
Reefton Ews,Jun-10,9,61.5,-,-,D
Reefton Ews,Jul-10,0,105.2,-,-,D
Reefton Ews,Jul-10,2,5.5,-,-,D
Reefton Ews,Jul-10,9,105.2,-,-,D
Reefton Ews,Aug-10,0,264.4,-,-,D
Reefton Ews,Aug-10,2,8.4,-,-,D
Reefton Ews,Aug-10,9,107.9,-,-,D
Reefton Ews,Sep-10,0,352,-,-,D
Reefton Ews,Sep-10,2,8.6,-,-,D
Reefton Ews,Sep-10,9,81.6,-,-,D
Reefton Ews,Oct-10,0,103.4,-,-,D
Reefton Ews,Oct-10,2,11.6,-,-,D
Reefton Ews,Oct-10,9,218.5,-,-,D
Reefton Ews,Nov-10,0,17.2,*,-,D
Reefton Ews,Nov-10,2,15.5,-,-,D
Reefton Ews,Nov-10,9,243.2,*,-,D
Reefton Ews,Dec-10,0,243.4,-,-,D
Reefton Ews,Dec-10,2,17.5,-,-,D
Reefton Ews,Dec-10,9,176.6,-,-,D
Reefton Ews,Jan-11,0,137.2,-,-,D
Reefton Ews,Jan-11,2,17.9,-,-,D
Reefton Ews,Jan-11,9,215.2,-,-,D
Reefton Ews,Feb-11,0,64.8,*,-,D
Reefton Ews,Feb-11,2,17.8,-,-,D
Reefton Ews,Feb-11,9,170.1,-,-,D
Reefton Ews,Mar-11,0,137.6,-,-,D
Reefton Ews,Mar-11,2,15.2,-,-,D
Reefton Ews,Mar-11,9,216.9,-,-,D
Reefton Ews,Apr-11,0,186.2,-,-,D
Reefton Ews,Apr-11,2,12,-,-,D
Reefton Ews,Apr-11,9,138.3,-,-,D
Reefton Ews,May-11,0,360,-,-,D
Reefton Ews,May-11,2,11.7,-,-,D
Reefton Ews,May-11,9,55.6,-,-,D
Reefton Ews,Jun-11,0,103.2,-,-,D
Reefton Ews,Jun-11,2,8.6,-,-,D
Reefton Ews,Jun-11,9,67.2,-,-,D
Reefton Ews,Jul-11,0,240.4,-,-,D
Reefton Ews,Jul-11,2,5.3,-,-,D
Reefton Ews,Jul-11,9,66.5,-,-,D
Reefton Ews,Aug-11,0,85,-,-,D
Reefton Ews,Aug-11,2,6.7,-,-,D
Reefton Ews,Aug-11,9,118.2,-,-,D
Reefton Ews,Sep-11,0,114.8,-,-,D
Reefton Ews,Sep-11,2,8.8,-,-,D
Reefton Ews,Sep-11,9,126.8,-,-,D
Reefton Ews,Oct-11,0,159.4,-,-,D
Reefton Ews,Oct-11,2,12.3,-,-,D
Reefton Ews,Oct-11,9,148.2,-,-,D
Reefton Ews,Nov-11,0,207.2,-,-,D
Reefton Ews,Nov-11,2,13.1,-,-,D
Reefton Ews,Nov-11,9,154.3,-,-,D
Reefton Ews,Dec-11,0,210.8,-,-,D
Reefton Ews,Dec-11,2,17.6,-,-,D
Reefton Ews,Dec-11,9,207.4,-,-,D
Reefton Ews,Jan-12,0,107.4,-,-,D
Reefton Ews,Jan-12,2,17.3,-,-,D
Reefton Ews,Jan-12,9,215.1,-,-,D
Reefton Ews,Feb-12,0,105.2,-,-,D
Reefton Ews,Feb-12,2,19.8,*,-,D
Reefton Ews,Feb-12,9,137.2,-,-,D
Reefton Ews,Mar-12,0,93.4,-,-,D
Reefton Ews,Mar-12,9,177,-,-,D
Reefton Ews,Apr-12,0,101.4,*,-,D
Reefton Ews,Apr-12,9,159.2,*,-,D
Reefton Ews,May-12,0,102.2,-,-,D
Reefton Ews,May-12,2,9.2,-,-,D
Reefton Ews,May-12,9,100.6,-,-,D
Reefton Ews,Jun-12,0,300,*,-,D
Reefton Ews,Jun-12,2,5.2,*,-,D
Reefton Ews,Jun-12,9,76.2,*,-,D
Reefton Ews,Jul-12,0,115.6,*,-,D
Reefton Ews,Jul-12,2,4.5,-,-,D
Reefton Ews,Jul-12,9,102.9,*,-,D
Reefton Ews,Aug-12,0,102.8,-,-,D
Reefton Ews,Aug-12,2,8.9,-,-,D
Reefton Ews,Aug-12,9,125.7,-,-,D
Reefton Ews,Sep-12,0,246.4,-,-,D
Reefton Ews,Sep-12,2,9.7,-,-,D
Reefton Ews,Sep-12,9,114.2,-,-,D
Reefton Ews,Oct-12,0,288.8,-,-,D
Reefton Ews,Oct-12,2,10.3,-,-,D
Reefton Ews,Oct-12,9,126.8,-,-,D
Reefton Ews,Nov-12,0,51.4,-,-,D
Reefton Ews,Nov-12,2,12.5,-,-,D
Reefton Ews,Nov-12,9,195.7,-,-,D
Reefton Ews,Dec-12,0,128.8,-,-,D
Reefton Ews,Dec-12,2,16.6,-,-,D
Reefton Ews,Dec-12,9,209.3,-,-,D
Reefton Ews,Jan-13,0,203.8,-,-,D
Reefton Ews,Jan-13,2,17.1,-,-,D
Reefton Ews,Jan-13,9,239.6,-,-,D
Reefton Ews,Feb-13,0,37.4,-,-,D
Reefton Ews,Feb-13,2,17.9,-,-,D
Reefton Ews,Feb-13,9,254.8,-,-,D
Reefton Ews,Mar-13,0,63.8,-,-,D
Reefton Ews,Mar-13,2,16.1,-,-,D
Reefton Ews,Mar-13,9,183.3,-,-,D
Reefton Ews,Apr-13,0,129.4,-,-,D
Reefton Ews,Apr-13,2,12.3,-,-,D
Reefton Ews,Apr-13,9,104.7,-,-,D
Reefton Ews,May-13,0,69.4,*,-,D
Reefton Ews,May-13,2,9.5,*,-,D
Reefton Ews,May-13,9,120.5,*,-,D
Reefton Ews,Jun-13,0,176.6,-,-,D
Reefton Ews,Jun-13,2,6.8,-,-,D
Reefton Ews,Jun-13,9,57.8,-,-,D
Reefton Ews,Jul-13,0,117.2,-,-,D
Reefton Ews,Jul-13,2,7.4,-,-,D
Reefton Ews,Jul-13,9,92.5,-,-,D
Reefton Ews,Aug-13,0,121,-,-,D
Reefton Ews,Aug-13,2,9.6,-,-,D
Reefton Ews,Aug-13,9,103.4,-,-,D
Reefton Ews,Sep-13,0,261.6,-,-,D
Reefton Ews,Sep-13,2,10.5,-,-,D
Reefton Ews,Sep-13,9,138.8,-,-,D
Reefton Ews,Oct-13,0,265.2,-,-,D
Reefton Ews,Oct-13,2,11.8,-,-,D
Reefton Ews,Oct-13,9,110.6,-,-,D
Reefton Ews,Nov-13,0,67.6,-,-,D
Reefton Ews,Nov-13,2,15.8,-,-,D
Reefton Ews,Nov-13,9,184.6,-,-,D
Reefton Ews,Dec-13,0,127.2,-,-,D
Reefton Ews,Dec-13,2,16.7,-,-,D
Reefton Ews,Dec-13,9,173.3,-,-,D
Reefton Ews,Jan-14,0,134,-,-,D
Reefton Ews,Jan-14,2,15.6,-,-,D
Reefton Ews,Jan-14,9,174.1,-,-,D
Reefton Ews,Feb-14,0,29.2,-,-,D
Reefton Ews,Feb-14,2,18,-,-,D
Reefton Ews,Feb-14,9,196.5,-,-,D
Reefton Ews,Mar-14,0,49.8,-,-,D
Reefton Ews,Mar-14,2,15.7,*,-,D
Reefton Ews,Mar-14,9,193.8,-,-,D
Reefton Ews,Apr-14,0,204,-,-,D
Reefton Ews,Apr-14,2,14.4,-,-,D
Reefton Ews,Apr-14,9,86.1,-,-,D
Reefton Ews,May-14,0,111.6,*,-,R
Reefton Ews,May-14,2,10.1,-,-,D
Reefton Ews,May-14,9,86.5,-,-,D
Reefton Ews,Jun-14,0,199.2,-,-,R
Reefton Ews,Jun-14,2,8.5,-,-,D
Reefton Ews,Jun-14,9,52.8,-,-,D
Reefton Ews,Jul-14,0,91.4,-,-,D
Reefton Ews,Jul-14,2,5.7,-,-,D
Reefton Ews,Jul-14,9,97,-,-,D
Reefton Ews,Aug-14,0,135,-,-,D
Reefton Ews,Aug-14,2,7.7,-,-,D
Reefton Ews,Aug-14,9,143.6,-,-,D
Reefton Ews,Sep-14,0,116.4,-,-,D
Reefton Ews,Sep-14,2,10.5,-,-,D
Reefton Ews,Sep-14,9,152.5,-,-,D
Reefton Ews,Oct-14,0,152.4,-,-,D
Reefton Ews,Oct-14,2,11.8,-,-,D
Reefton Ews,Oct-14,9,151.7,-,-,D
Reefton Ews,Nov-14,0,180,-,-,D
Reefton Ews,Nov-14,2,12.1,-,-,D
Reefton Ews,Nov-14,9,146.4,-,-,D
Reefton Ews,Dec-14,0,136.6,-,-,D
Reefton Ews,Dec-14,2,17.5,-,-,D
Reefton Ews,Dec-14,9,194.7,-,-,D
Reefton Ews,Jan-15,0,34,-,-,D
Reefton Ews,Jan-15,2,19.4,-,-,D
Reefton Ews,Jan-15,9,278.6,-,-,D
Reefton Ews,Feb-15,0,82.6,-,-,D
Reefton Ews,Feb-15,2,17.5,-,-,D
Reefton Ews,Feb-15,9,208,-,-,D
Reefton Ews,Mar-15,0,195,-,-,D
Reefton Ews,Mar-15,2,16.8,-,-,D
Reefton Ews,Mar-15,9,169.1,-,-,D
Reefton Ews,Apr-15,0,179,-,-,D
Reefton Ews,Apr-15,2,13.9,-,-,D
Reefton Ews,Apr-15,9,124.7,-,-,D
Reefton Ews,May-15,0,185.2,-,-,D
Reefton Ews,May-15,2,9.4,-,-,D
Reefton Ews,May-15,9,87.3,-,-,D
Reefton Ews,Jun-15,0,243.4,-,-,D
Reefton Ews,Jun-15,2,7.6,-,-,D
Reefton Ews,Jun-15,9,70.3,-,-,D
Reefton Ews,Jul-15,0,177,-,-,D
Reefton Ews,Jul-15,2,5.4,-,-,D
Reefton Ews,Jul-15,9,107.5,-,-,D
Reefton Ews,Aug-15,0,180.4,-,-,D
Reefton Ews,Aug-15,2,7.6,-,-,D
Reefton Ews,Aug-15,9,109.8,-,-,D
Reefton Ews,Sep-15,0,71.6,-,-,D
Reefton Ews,Sep-15,2,9.2,-,-,D
Reefton Ews,Sep-15,9,158.7,-,-,D
Reefton Ews,Oct-15,0,129.2,-,-,D
Reefton Ews,Oct-15,2,11.6,-,-,D
Reefton Ews,Oct-15,9,161.1,-,-,D
Reefton Ews,Nov-15,0,57.6,-,-,D
Reefton Ews,Nov-15,2,13.7,-,-,D
Reefton Ews,Nov-15,9,170.4,-,-,D
Reefton Ews,Dec-15,0,72,-,-,D
Reefton Ews,Dec-15,2,15.6,-,-,D
Reefton Ews,Dec-15,9,216.8,-,-,D
Reefton Ews,Jan-16,0,143.8,-,-,D
Reefton Ews,Jan-16,2,18.3,-,-,D
Reefton Ews,Jan-16,9,186.3,-,-,D
Reefton Ews,Feb-16,0,115.6,-,-,D
Reefton Ews,Feb-16,2,19.5,-,-,D
Reefton Ews,Feb-16,9,221.3,-,-,D
Reefton Ews,Mar-16,0,123.6,-,-,D
Reefton Ews,Mar-16,2,16.4,-,-,D
Reefton Ews,Mar-16,9,161.4,-,-,D
Reefton Ews,Apr-16,0,78,-,-,D
Reefton Ews,Apr-16,2,12.4,*,-,D
Reefton Ews,Apr-16,9,134.8,-,-,D
Reefton Ews,May-16,0,356.6,-,-,D
Reefton Ews,May-16,2,11.2,-,-,D
Reefton Ews,May-16,9,58.9,-,-,D
Reefton Ews,Jun-16,0,178,-,-,D
Reefton Ews,Jun-16,2,8,-,-,D
Reefton Ews,Jun-16,9,72.2,-,-,D
Reefton Ews,Jul-16,0,358.2,-,-,D
Reefton Ews,Jul-16,2,5.9,-,-,D
Reefton Ews,Jul-16,9,87.9,-,-,D
Reefton Ews,Aug-16,0,101.6,-,-,D
Reefton Ews,Aug-16,2,6.8,-,-,D
Reefton Ews,Aug-16,9,137.2,-,-,D
Reefton Ews,Sep-16,0,123.4,-,-,D
Reefton Ews,Sep-16,2,11.3,-,-,D
Reefton Ews,Sep-16,9,165.1,-,-,D
Reefton Ews,Oct-16,0,149,-,-,D
Reefton Ews,Oct-16,2,12.1,-,-,D
Reefton Ews,Oct-16,9,164.2,-,-,D
Reefton Ews,Nov-16,0,193.6,-,-,D
Reefton Ews,Nov-16,2,13.6,*,-,D
Reefton Ews,Dec-16,0,123.6,-,-,D
Reefton Ews,Dec-16,2,14.8,-,-,D
Reefton Ews,Dec-16,9,183.7,-,-,D
Reefton Ews,Jan-17,0,228.2,-,-,D
Reefton Ews,Jan-17,2,15,-,-,D
Reefton Ews,Jan-17,9,132,-,-,D
Reefton Ews,Feb-17,0,64.6,-,-,D
Reefton Ews,Feb-17,2,17.3,-,-,D
Reefton Ews,Feb-17,9,193.1,-,-,D
Reefton Ews,Mar-17,0,65.8,-,-,D
Reefton Ews,Mar-17,2,16.3,-,-,D
Reefton Ews,Mar-17,9,159.6,-,-,D
Reefton Ews,Apr-17,0,183.2,-,-,D
Reefton Ews,Apr-17,2,13.3,-,-,D
Reefton Ews,Apr-17,9,110.1,-,-,D
Reefton Ews,May-17,0,210.8,-,-,D
Reefton Ews,May-17,2,8.4,-,-,D
Reefton Ews,May-17,9,69.1,-,-,D
Reefton Ews,Jun-17,0,90.2,-,-,D
Reefton Ews,Jun-17,2,6.5,-,-,D
Reefton Ews,Jun-17,9,76.1,-,-,D
Reefton Ews,Jul-17,0,130.4,-,-,D
Reefton Ews,Jul-17,2,5.9,-,-,D
Reefton Ews,Jul-17,9,93.7,-,-,D
Reefton Ews,Aug-17,0,224.4,-,-,D
Reefton Ews,Aug-17,2,8.7,-,-,D
Reefton Ews,Aug-17,9,116.7,-,-,D
Reefton Ews,Sep-17,0,283.8,-,-,D
Reefton Ews,Sep-17,2,9.8,-,-,D
Reefton Ews,Sep-17,9,120.8,-,-,D
Reefton Ews,Oct-17,0,104.2,-,-,D
Reefton Ews,Oct-17,2,12.7,-,-,D
Reefton Ews,Oct-17,9,134.3,-,-,D
Reefton Ews,Nov-17,0,96.4,-,-,D
Reefton Ews,Nov-17,2,15.9,-,-,D
Reefton Ews,Nov-17,9,211.8,-,-,D
Reefton Ews,Dec-17,0,30,-,-,D
Reefton Ews,Dec-17,2,18.7,-,-,D
Reefton Ews,Dec-17,9,281.7,-,-,D
Reefton Ews,Jan-18,0,174.4,-,-,D
Reefton Ews,Jan-18,2,21.2,-,-,D
Reefton Ews,Jan-18,9,209.3,-,-,D
Reefton Ews,Feb-18,0,213.2,-,-,D
Reefton Ews,Feb-18,2,17.5,-,-,D
Reefton Ews,Feb-18,9,164.5,-,-,D
Reefton Ews,Mar-18,0,95.8,-,-,D
Reefton Ews,Mar-18,2,16.5,-,-,D
Reefton Ews,Mar-18,9,152.5,-,-,D
Reefton Ews,Apr-18,0,205.8,-,-,D
Reefton Ews,Apr-18,2,11.6,-,-,D
Reefton Ews,May-18,0,196.4,-,-,D
Reefton Ews,May-18,2,9,-,-,D
Reefton Ews,May-18,9,88.4,-,-,D
Reefton Ews,Jun-18,0,58,-,-,D
Reefton Ews,Jun-18,2,5.9,-,-,D
Reefton Ews,Jun-18,9,92.9,-,-,D
Reefton Ews,Jul-18,0,292,-,-,D
Reefton Ews,Jul-18,2,7,-,-,D
Reefton Ews,Jul-18,9,57.2,-,-,D
Reefton Ews,Aug-18,0,189.8,-,-,D
Reefton Ews,Aug-18,2,8.2,-,-,D
Reefton Ews,Aug-18,9,115.4,-,-,D
Reefton Ews,Sep-18,0,79.2,-,-,D
Reefton Ews,Sep-18,2,10,-,-,D
Reefton Ews,Sep-18,9,171.3,-,-,D
Reefton Ews,Oct-18,0,45.4,-,-,D
Reefton Ews,Oct-18,2,12.4,-,-,D
Reefton Ews,Oct-18,9,151.8,-,-,D
Reefton Ews,Nov-18,0,133,-,-,D
Reefton Ews,Nov-18,2,14.2,-,-,D
Reefton Ews,Nov-18,9,186.3,-,-,D
Reefton Ews,Dec-18,0,144.4,-,-,D
Reefton Ews,Dec-18,2,17.7,-,-,D
Reefton Ews,Dec-18,9,209.3,-,-,D
Reefton Ews,Jan-19,0,61.6,-,-,D
Reefton Ews,Jan-19,2,18.7,-,-,D
Reefton Ews,Jan-19,9,251.1,-,-,D
Reefton Ews,Feb-19,0,25,-,-,D
Reefton Ews,Feb-19,2,17.9,-,-,D
Reefton Ews,Feb-19,9,205.4,-,-,D
Reefton Ews,Mar-19,0,153.8,-,-,D
Reefton Ews,Mar-19,2,18,-,-,D
Reefton Ews,Mar-19,9,156.3,-,-,D
Reefton Ews,Apr-19,0,140.6,-,-,D
Reefton Ews,Apr-19,2,12.4,*,-,D
Reefton Ews,Apr-19,9,180.7,-,-,D
Reefton Ews,May-19,0,280.4,-,-,D
Reefton Ews,May-19,2,11.2,-,-,D
Reefton Ews,May-19,9,76.1,-,-,D
Reefton Ews,Jun-19,0,86.5,-,-,R
Reefton Ews,Jul-19,0,281.2,-,-,D
Reefton Ews,Jul-19,2,7.4,-,-,D
Reefton Ews,Jul-19,9,88.9,-,-,D
Reefton Ews,Aug-19,0,262.4,-,-,D
Reefton Ews,Aug-19,2,7.1,-,-,D
Reefton Ews,Aug-19,9,119.5,-,-,D
Reefton Ews,Sep-19,0,220.4,-,-,D
Reefton Ews,Sep-19,2,9.4,-,-,D
Reefton Ews,Sep-19,9,136.1,-,-,D
Reefton Ews,Oct-19,0,193.6,-,-,D
Reefton Ews,Oct-19,2,10.7,-,-,D
Reefton Ews,Oct-19,9,172.7,-,-,D
Reefton Ews,Nov-19,0,186.6,-,-,D
Reefton Ews,Nov-19,2,14.6,-,-,D
Reefton Ews,Nov-19,9,216.3,-,-,D
Reefton Ews,Dec-19,0,291.8,-,-,D
Reefton Ews,Dec-19,2,14.8,-,-,D
Reefton Ews,Dec-19,9,177.9,-,-,D
Reefton Ews,Jan-20,0,44.8,-,-,D
Reefton Ews,Jan-20,2,17.5,-,-,D
Reefton Ews,Jan-20,9,250.4,-,-,D
Reefton Ews,Feb-20,0,118.4,-,-,D
Reefton Ews,Feb-20,2,17.6,-,-,D
Reefton Ews,Feb-20,9,197.3,-,-,D
Reefton Ews,Mar-20,0,76.4,-,-,D
Reefton Ews,Mar-20,2,14.7,-,-,D
Reefton Ews,Mar-20,9,185,-,-,D
Reefton Ews,Apr-20,0,163.8,-,-,D
Reefton Ews,Apr-20,2,11.3,-,-,D
Reefton Ews,Apr-20,9,134.6,-,-,D
Reefton Ews,May-20,0,185.2,-,-,D
Reefton Ews,May-20,2,8.8,-,-,D
Reefton Ews,May-20,9,93.5,-,-,D
Reefton Ews,Jun-20,0,76.8,-,-,D
Reefton Ews,Jun-20,2,7.7,-,-,D
Reefton Ews,Jun-20,9,96,-,-,D
Reefton Ews,Jul-20,0,83.4,-,-,D
Reefton Ews,Jul-20,2,5.8,-,-,D
Reefton Ews,Jul-20,9,87.8,-,-,D
Reefton Ews,Aug-20,0,130.4,-,-,D
Reefton Ews,Aug-20,2,8.9,-,-,D
Reefton Ews,Aug-20,9,132.2,-,-,D
Reefton Ews,Sep-20,0,226.8,-,-,D
Reefton Ews,Sep-20,2,9.3,-,-,D
Reefton Ews,Sep-20,9,135.7,-,-,D
Reefton Ews,Oct-20,0,153,-,-,D
Reefton Ews,Oct-20,2,12,-,-,D
Reefton Ews,Oct-20,9,156.8,-,-,D
Reefton Ews,Nov-20,0,142.4,-,-,D
Reefton Ews,Nov-20,2,14.3,-,-,D
Reefton Ews,Nov-20,9,185.1,-,-,D
Reefton Ews,Dec-20,0,145.8,-,-,D
Reefton Ews,Dec-20,2,15.8,-,-,D
Reefton Ews,Dec-20,9,220.3,-,-,D
Reefton Ews,Jan-21,0,164.8,-,-,D
Reefton Ews,Jan-21,2,16.6,-,-,D
Reefton Ews,Jan-21,9,216.4,-,-,D
Reefton Ews,Feb-21,0,75.6,-,-,D
Reefton Ews,Feb-21,2,17.6,-,-,D
Reefton Ews,Feb-21,9,228.7,-,-,D
Reefton Ews,Mar-21,0,137.6,-,-,D
Reefton Ews,Mar-21,2,15.7,-,-,D
Reefton Ews,Mar-21,9,169.4,-,-,D
Reefton Ews,Apr-21,0,163,-,-,D
Reefton Ews,Apr-21,2,12.3,-,-,D
Reefton Ews,Apr-21,9,117.3,-,-,D
Reefton Ews,May-21,0,170.6,-,-,D
Reefton Ews,May-21,2,9.2,-,-,D
Reefton Ews,May-21,9,106.1,-,-,D
Reefton Ews,Jun-21,0,187.2,-,-,D
Reefton Ews,Jun-21,2,8.2,-,-,D
Reefton Ews,Jun-21,9,82.6,-,-,D
Reefton Ews,Jul-21,0,355.4,-,-,D
Reefton Ews,Jul-21,2,6.5,-,-,D
Reefton Ews,Jul-21,9,67.9,-,-,D
Reefton Ews,Aug-21,0,191.2,-,-,D
Reefton Ews,Aug-21,2,8.3,-,-,D
Reefton Ews,Aug-21,9,115.9,-,-,D
Reefton Ews,Sep-21,0,273.8,-,-,D
Reefton Ews,Sep-21,2,9.2,-,-,D
Reefton Ews,Sep-21,9,130.3,-,-,D
Reefton Ews,Oct-21,0,215.8,-,-,D
Reefton Ews,Oct-21,2,13.1,-,-,D
Reefton Ews,Oct-21,9,170.7,-,-,D
Reefton Ews,Nov-21,0,143.4,-,-,D
Reefton Ews,Nov-21,2,15.6,-,-,D
Reefton Ews,Nov-21,9,199.9,-,-,D
Reefton Ews,Dec-21,0,151.8,-,-,D
Reefton Ews,Dec-21,2,16.9,-,-,D
Reefton Ews,Dec-21,9,146.2,-,-,D
Reefton Ews,Jan-22,0,27.2,-,-,D
Reefton Ews,Jan-22,2,19.2,-,-,D
Reefton Ews,Jan-22,9,280.6,-,-,D
Reefton Ews,Feb-22,0,383.6,-,-,D
Reefton Ews,Feb-22,2,17.9,-,-,D
Reefton Ews,Feb-22,9,163.6,-,-,D
Reefton Ews,Mar-22,0,23.8,-,-,D
Reefton Ews,Mar-22,2,17.3,-,-,D
Reefton Ews,Mar-22,9,250.9,-,-,D
